rs,PW92,RPA,ALDAxc,MCP07static,MCP07dynamic,MCP07 ktilde=0,dynamic LDA
1,-0.0598,-0.07789,-0.046437,-0.061515,-0.063265,-0.067363,-0.067892
2,-0.0448,-0.062018,-0.033902,-0.045788,-0.047354,-0.051274,-0.05151
3,-0.03694,-0.05313,-0.026283,-0.037308,-0.038716,-0.042598,-0.042859
4,-0.03187,-0.047265,-0.02121,-0.031789,-0.033056,-0.03685,-0.037131
5,-0.0282,-0.043016,-0.017555,-0.027866,-0.028997,-0.032651,-0.032907
6,-0.02543,-0.039757,-0.014725,-0.024897,-0.025902,-0.029392,-0.029586
8,-0.02139,-0.035031,-0.010493,-0.020641,-0.02143,-0.024576,-0.024566
10,-0.0186,-0.031737,-0.007392,-0.017718,-0.018339,-0.021149,-0.020848
