# weight,point
0.2369268850561888,-0.9061798459386639
0.4786286704993663,-0.5384693101056832
0.5688888888888891,0.0000000000000000
0.4786286704993667,0.5384693101056831
0.2369268850561888,0.9061798459386639
